county_name,office_name,office_district,candidate_name,party,early_voting,election_day,absentee,provisional,second_absentee,votes
Allegany County,U.S. Congress,06,Adrian Petrus,DEM,0,10,2,0,0,12
Allegany County,U.S. Congress,06,Altimont Mark Wilks,DEM,0,9,4,0,0,13
Allegany County,U.S. Congress,06,April McClain Delaney,DEM,114,544,656,96,18,1428
Allegany County,U.S. Congress,06,Ashwani Jain,DEM,24,125,69,7,3,228
Allegany County,U.S. Congress,06,Brenda J. Thiam,REP,10,53,54,3,0,120
Allegany County,U.S. Congress,06,Chris Hyser,REP,17,99,66,8,0,190
Allegany County,U.S. Congress,06,Dan Cox,REP,204,1505,353,61,7,2130
Allegany County,U.S. Congress,06,Destiny Drake West,DEM,3,23,14,6,0,46
Allegany County,U.S. Congress,06,Geoffrey Grammer,DEM,3,12,18,4,0,37
Allegany County,U.S. Congress,06,George Gluck,DEM,3,26,12,1,0,42
Allegany County,U.S. Congress,06,Joe Vogel,DEM,99,453,353,34,14,953
Allegany County,U.S. Congress,06,Joel Rubin,DEM,3,14,18,4,1,40
Allegany County,U.S. Congress,06,"Kiambo ""Bo"" White",DEM,1,9,6,3,0,19
Allegany County,U.S. Congress,06,Laurie-Anne Sayles,DEM,6,18,23,2,1,50
Allegany County,U.S. Congress,06,Lesley J. Lopez,DEM,10,26,40,2,0,78
Allegany County,U.S. Congress,06,Mariela Roca,REP,103,518,131,13,1,766
Allegany County,U.S. Congress,06,Mohammad S. Mozumder,DEM,0,4,5,1,0,10
Allegany County,U.S. Congress,06,Neil C. Parrott,REP,320,2303,554,72,26,3275
Allegany County,U.S. Congress,06,Peter Choharis,DEM,5,16,24,0,2,47
Allegany County,U.S. Congress,06,"Stephen R. McDow, II",DEM,1,12,10,2,0,25
Allegany County,U.S. Congress,06,Tekesha A. Martinez,DEM,3,32,40,4,5,84
Allegany County,U.S. Congress,06,Todd A. Puglisi,REP,2,20,13,2,0,37
Allegany County,U.S. Congress,06,Tom Royals,REP,47,125,22,5,1,200
Anne Arundel County,U.S. Congress,03,Abigail Diehl,DEM,66,341,321,44,67,839
Anne Arundel County,U.S. Congress,03,Aisha Khan,DEM,78,459,172,38,42,789
Anne Arundel County,U.S. Congress,03,"Arthur Radford Baker, Jr.",REP,562,1756,1122,190,152,3782
Anne Arundel County,U.S. Congress,03,Berney Flowers,REP,618,2204,614,105,110,3651
Anne Arundel County,U.S. Congress,03,Clarence Lam,DEM,186,589,442,48,146,1411
Anne Arundel County,U.S. Congress,03,Danny Craig Rupli,DEM,0,4,1,0,2,7
Anne Arundel County,U.S. Congress,03,Don Quinn,DEM,21,89,73,8,11,202
Anne Arundel County,U.S. Congress,03,Gary Schuman,DEM,16,51,41,5,6,119
Anne Arundel County,U.S. Congress,03,Harry Anthony Dunn,DEM,1261,2889,3904,411,753,9218
Anne Arundel County,U.S. Congress,03,Jake Pretot,DEM,7,19,23,3,5,57
Anne Arundel County,U.S. Congress,03,Jeff Woodard,DEM,26,83,51,7,4,171
Anne Arundel County,U.S. Congress,03,"John H. Morse, III",DEM,47,267,181,32,93,620
Anne Arundel County,U.S. Congress,03,John Rea,REP,100,357,182,37,11,687
Anne Arundel County,U.S. Congress,03,Jordan Mayo,REP,237,1005,479,71,78,1870
Anne Arundel County,U.S. Congress,03,Joshua M. Morales,REP,272,1221,325,89,50,1957
Anne Arundel County,U.S. Congress,03,Juan Dominguez,DEM,35,215,179,32,55,516
Anne Arundel County,U.S. Congress,03,Kristin Anne Lyman Nabors,DEM,17,66,56,3,18,160
Anne Arundel County,U.S. Congress,03,Lindsay Donahue,DEM,45,208,241,27,60,581
Anne Arundel County,U.S. Congress,03,Malcolm Thomas Colombo,DEM,24,94,80,14,29,241
Anne Arundel County,U.S. Congress,03,Mark S. Chang,DEM,285,923,1086,122,177,2593
Anne Arundel County,U.S. Congress,03,Mark Steven Gosnell,DEM,12,45,36,7,5,105
Anne Arundel County,U.S. Congress,03,Matt Libber,DEM,4,34,18,5,2,63
Anne Arundel County,U.S. Congress,03,Michael Coburn,DEM,23,161,100,19,12,315
Anne Arundel County,U.S. Congress,03,Mike Rogers,DEM,318,750,395,53,77,1593
Anne Arundel County,U.S. Congress,03,Naveed Mian,REP,54,247,161,35,31,528
Anne Arundel County,U.S. Congress,03,Ray Bly,REP,162,565,178,36,39,980
Anne Arundel County,U.S. Congress,03,Robert J. Steinberger,REP,870,2888,1125,202,142,5227
Anne Arundel County,U.S. Congress,03,Sarah Elfreth,DEM,1930,5730,6956,775,1440,16831
Anne Arundel County,U.S. Congress,03,Stewart Fred Silver,DEM,8,20,8,0,0,36
Anne Arundel County,U.S. Congress,03,Terri Hill,DEM,79,387,244,39,104,853
Anne Arundel County,U.S. Congress,03,"Thomas E. ""Pinkston"" Harris",REP,332,1310,325,63,33,2063
Anne Arundel County,U.S. Congress,05,Andrea L. Crooms,DEM,136,565,496,52,119,1368
Anne Arundel County,U.S. Congress,05,McKayla Wilkes,DEM,152,760,447,75,169,1603
Anne Arundel County,U.S. Congress,05,Michelle Talkington,REP,1211,3547,1650,277,180,6865
Anne Arundel County,U.S. Congress,05,Quincy Bareebe,DEM,193,681,407,57,156,1494
Anne Arundel County,U.S. Congress,05,Steny Hoyer,DEM,1338,3564,4657,436,842,10837
Baltimore City,U.S. Congress,02,"Clint Spellman, Jr.",DEM,3,33,24,5,10,75
Baltimore City,U.S. Congress,02,Dave Wallace,REP,4,60,21,1,5,91
Baltimore City,U.S. Congress,02,Harry Bhandari,DEM,25,300,181,25,95,626
Baltimore City,U.S. Congress,02,Jessica Sjoberg,DEM,3,71,39,8,10,131
Baltimore City,U.S. Congress,02,"John ""Johnny O"" Olszewski, Jr.",DEM,510,2441,1925,221,800,5897
Baltimore City,U.S. Congress,02,John Thormann,REP,3,21,21,1,2,48
Baltimore City,U.S. Congress,02,Kim Klacik,REP,1,144,80,3,11,239
Baltimore City,U.S. Congress,02,Sharron Reed-Burns,DEM,31,133,69,11,27,271
Baltimore City,U.S. Congress,02,Sia Kyriakakos,DEM,34,333,150,26,119,662
Baltimore City,U.S. Congress,07,Kweisi Mfume,DEM,11326,29491,20697,4276,5417,71207
Baltimore City,U.S. Congress,07,Lorrie A. Sigley,REP,82,336,225,41,45,729
Baltimore City,U.S. Congress,07,Scott M. Collier,REP,165,764,364,52,67,1412
Baltimore City,U.S. Congress,07,Tashi Kimandus Davis,DEM,1097,4733,2018,656,715,9219
Baltimore City,U.S. Congress,07,"Wayne ""For Freedom"" McNeal",REP,113,553,225,56,26,973
Baltimore County,U.S. Congress,01,Andy Harris,REP,1230,2345,787,115,306,4783
Baltimore County,U.S. Congress,01,"Blane H. Miller, III",DEM,483,799,885,132,402,2701
Baltimore County,U.S. Congress,01,Blessing T. Oluwadare,DEM,294,606,447,65,208,1620
Baltimore County,U.S. Congress,01,"Chris Bruneau, Sr.",REP,131,343,141,24,52,691
Baltimore County,U.S. Congress,01,Michael Scott Lemon,REP,75,137,68,11,29,320
Baltimore County,U.S. Congress,02,"Clint Spellman, Jr.",DEM,155,474,331,51,107,1118
Baltimore County,U.S. Congress,02,Dave Wallace,REP,751,2387,930,220,307,4595
Baltimore County,U.S. Congress,02,Harry Bhandari,DEM,886,2560,1369,331,699,5845
Baltimore County,U.S. Congress,02,Jessica Sjoberg,DEM,132,484,412,73,110,1211
Baltimore County,U.S. Congress,02,"John ""Johnny O"" Olszewski, Jr.",DEM,8526,17396,17654,2481,7306,53363
Baltimore County,U.S. Congress,02,John Thormann,REP,503,1400,855,175,253,3186
Baltimore County,U.S. Congress,02,Kim Klacik,REP,3271,8379,3235,591,1058,16534
Baltimore County,U.S. Congress,02,Sharron Reed-Burns,DEM,379,1116,788,147,269,2699
Baltimore County,U.S. Congress,02,Sia Kyriakakos,DEM,228,1071,827,182,402,2710
Baltimore County,U.S. Congress,07,Kweisi Mfume,DEM,3465,6271,4957,760,2067,17520
Baltimore County,U.S. Congress,07,Lorrie A. Sigley,REP,251,575,258,54,84,1222
Baltimore County,U.S. Congress,07,Scott M. Collier,REP,574,1631,408,110,154,2877
Baltimore County,U.S. Congress,07,Tashi Kimandus Davis,DEM,360,1125,596,136,204,2421
Baltimore County,U.S. Congress,07,"Wayne ""For Freedom"" McNeal",REP,320,1144,251,63,53,1831
Calvert County,U.S. Congress,05,Andrea L. Crooms,DEM,53,230,182,15,5,485
Calvert County,U.S. Congress,05,McKayla Wilkes,DEM,83,259,273,21,15,651
Calvert County,U.S. Congress,05,Michelle Talkington,REP,1238,3388,1338,144,29,6137
Calvert County,U.S. Congress,05,Quincy Bareebe,DEM,43,128,131,12,3,317
Calvert County,U.S. Congress,05,Steny Hoyer,DEM,946,2070,3070,171,52,6309
Caroline County,U.S. Congress,01,Andy Harris,REP,389,1365,299,46,12,2111
Caroline County,U.S. Congress,01,"Blane H. Miller, III",DEM,148,258,239,19,9,673
Caroline County,U.S. Congress,01,Blessing T. Oluwadare,DEM,80,204,181,17,10,492
Caroline County,U.S. Congress,01,"Chris Bruneau, Sr.",REP,48,149,58,5,3,263
Caroline County,U.S. Congress,01,Michael Scott Lemon,REP,27,122,31,4,1,185
Carroll County,U.S. Congress,02,"Clint Spellman, Jr.",DEM,44,102,111,15,1,273
Carroll County,U.S. Congress,02,Dave Wallace,REP,796,3015,832,91,13,4747
Carroll County,U.S. Congress,02,Harry Bhandari,DEM,62,282,302,22,11,679
Carroll County,U.S. Congress,02,Jessica Sjoberg,DEM,46,165,122,14,3,350
Carroll County,U.S. Congress,02,"John ""Johnny O"" Olszewski, Jr.",DEM,1047,2143,3223,240,82,6735
Carroll County,U.S. Congress,02,John Thormann,REP,385,1111,616,49,19,2180
Carroll County,U.S. Congress,02,Kim Klacik,REP,1817,5133,1498,137,19,8604
Carroll County,U.S. Congress,02,Sharron Reed-Burns,DEM,60,202,211,25,4,502
Carroll County,U.S. Congress,02,Sia Kyriakakos,DEM,63,258,344,30,13,708
Carroll County,U.S. Congress,03,Abigail Diehl,DEM,1,10,12,3,0,26
Carroll County,U.S. Congress,03,Aisha Khan,DEM,0,19,5,1,0,25
Carroll County,U.S. Congress,03,"Arthur Radford Baker, Jr.",REP,48,211,124,9,2,394
Carroll County,U.S. Congress,03,Berney Flowers,REP,44,275,57,3,0,379
Carroll County,U.S. Congress,03,Clarence Lam,DEM,11,37,29,1,2,80
Carroll County,U.S. Congress,03,Danny Craig Rupli,DEM,0,1,1,0,0,2
Carroll County,U.S. Congress,03,Don Quinn,DEM,0,2,2,1,0,5
Carroll County,U.S. Congress,03,Gary Schuman,DEM,0,4,1,1,0,6
Carroll County,U.S. Congress,03,Harry Anthony Dunn,DEM,49,124,192,7,1,373
Carroll County,U.S. Congress,03,Jake Pretot,DEM,2,1,0,0,0,3
Carroll County,U.S. Congress,03,Jeff Woodard,DEM,2,7,2,0,0,11
Carroll County,U.S. Congress,03,"John H. Morse, III",DEM,1,15,7,1,1,25
Carroll County,U.S. Congress,03,John Rea,REP,4,26,6,1,1,38
Carroll County,U.S. Congress,03,Jordan Mayo,REP,15,82,24,1,0,122
Carroll County,U.S. Congress,03,Joshua M. Morales,REP,14,105,31,5,0,155
Carroll County,U.S. Congress,03,Juan Dominguez,DEM,2,7,9,0,0,18
Carroll County,U.S. Congress,03,Kristin Anne Lyman Nabors,DEM,1,8,2,0,0,11
Carroll County,U.S. Congress,03,Lindsay Donahue,DEM,1,17,14,2,1,35
Carroll County,U.S. Congress,03,Malcolm Thomas Colombo,DEM,0,4,11,1,0,16
Carroll County,U.S. Congress,03,Mark S. Chang,DEM,2,16,10,2,0,30
Carroll County,U.S. Congress,03,Mark Steven Gosnell,DEM,0,5,5,0,1,11
Carroll County,U.S. Congress,03,Matt Libber,DEM,2,6,0,0,0,8
Carroll County,U.S. Congress,03,Michael Coburn,DEM,0,2,3,1,0,6
Carroll County,U.S. Congress,03,Mike Rogers,DEM,0,10,6,2,0,18
Carroll County,U.S. Congress,03,Naveed Mian,REP,2,14,17,1,0,34
Carroll County,U.S. Congress,03,Ray Bly,REP,7,97,16,2,0,122
Carroll County,U.S. Congress,03,Robert J. Steinberger,REP,41,313,50,2,4,410
Carroll County,U.S. Congress,03,Sarah Elfreth,DEM,43,218,204,8,10,483
Carroll County,U.S. Congress,03,Stewart Fred Silver,DEM,0,0,0,0,0,0
Carroll County,U.S. Congress,03,Terri Hill,DEM,3,22,10,1,0,36
Carroll County,U.S. Congress,03,"Thomas E. ""Pinkston"" Harris",REP,12,72,15,0,0,99
Cecil County,U.S. Congress,01,Andy Harris,REP,1839,5663,1005,114,389,9010
Cecil County,U.S. Congress,01,"Blane H. Miller, III",DEM,361,935,887,23,335,2541
Cecil County,U.S. Congress,01,Blessing T. Oluwadare,DEM,196,549,384,19,195,1343
Cecil County,U.S. Congress,01,"Chris Bruneau, Sr.",REP,646,1678,436,51,188,2999
Cecil County,U.S. Congress,01,Michael Scott Lemon,REP,212,712,169,28,80,1201
Charles County,U.S. Congress,05,Andrea L. Crooms,DEM,128,646,339,52,17,1182
Charles County,U.S. Congress,05,McKayla Wilkes,DEM,288,1311,838,89,45,2571
Charles County,U.S. Congress,05,Michelle Talkington,REP,772,2405,1066,57,36,4336
Charles County,U.S. Congress,05,Quincy Bareebe,DEM,435,1310,384,89,26,2244
Charles County,U.S. Congress,05,Steny Hoyer,DEM,2149,5507,5400,295,148,13499
Dorchester County,U.S. Congress,01,Andy Harris,REP,379,1514,209,96,129,2327
Dorchester County,U.S. Congress,01,"Blane H. Miller, III",DEM,182,352,321,84,103,1042
Dorchester County,U.S. Congress,01,Blessing T. Oluwadare,DEM,142,309,263,61,70,845
Dorchester County,U.S. Congress,01,"Chris Bruneau, Sr.",REP,68,259,51,17,28,423
Dorchester County,U.S. Congress,01,Michael Scott Lemon,REP,9,45,19,6,12,91
Frederick County,U.S. Congress,06,Adrian Petrus,DEM,6,25,15,3,11,60
Frederick County,U.S. Congress,06,Altimont Mark Wilks,DEM,10,50,13,4,6,83
Frederick County,U.S. Congress,06,April McClain Delaney,DEM,1074,3673,1730,375,2873,9725
Frederick County,U.S. Congress,06,Ashwani Jain,DEM,227,968,322,122,511,2150
Frederick County,U.S. Congress,06,Brenda J. Thiam,REP,57,212,75,18,98,460
Frederick County,U.S. Congress,06,Chris Hyser,REP,63,356,122,23,130,694
Frederick County,U.S. Congress,06,Dan Cox,REP,934,4675,555,160,543,6867
Frederick County,U.S. Congress,06,Destiny Drake West,DEM,50,186,54,13,82,385
Frederick County,U.S. Congress,06,Geoffrey Grammer,DEM,21,89,65,16,66,257
Frederick County,U.S. Congress,06,George Gluck,DEM,6,78,42,6,36,168
Frederick County,U.S. Congress,06,Joe Vogel,DEM,711,3027,1077,277,1827,6919
Frederick County,U.S. Congress,06,Joel Rubin,DEM,23,101,95,15,56,290
Frederick County,U.S. Congress,06,"Kiambo ""Bo"" White",DEM,13,86,29,5,26,159
Frederick County,U.S. Congress,06,Laurie-Anne Sayles,DEM,58,146,139,23,140,506
Frederick County,U.S. Congress,06,Lesley J. Lopez,DEM,65,336,226,52,265,944
Frederick County,U.S. Congress,06,Mariela Roca,REP,385,1823,291,65,312,2876
Frederick County,U.S. Congress,06,Mohammad S. Mozumder,DEM,31,201,55,19,87,393
Frederick County,U.S. Congress,06,Neil C. Parrott,REP,998,4421,691,143,683,6936
Frederick County,U.S. Congress,06,Peter Choharis,DEM,26,101,97,17,91,332
Frederick County,U.S. Congress,06,"Stephen R. McDow, II",DEM,7,38,38,5,27,115
Frederick County,U.S. Congress,06,Tekesha A. Martinez,DEM,134,608,264,62,462,1530
Frederick County,U.S. Congress,06,Todd A. Puglisi,REP,13,112,46,7,28,206
Frederick County,U.S. Congress,06,Tom Royals,REP,172,581,88,27,155,1023
Garrett County,U.S. Congress,06,Adrian Petrus,DEM,0,2,2,0,0,4
Garrett County,U.S. Congress,06,Altimont Mark Wilks,DEM,2,3,2,1,0,8
Garrett County,U.S. Congress,06,April McClain Delaney,DEM,84,160,188,43,66,541
Garrett County,U.S. Congress,06,Ashwani Jain,DEM,8,17,26,3,5,59
Garrett County,U.S. Congress,06,Brenda J. Thiam,REP,15,27,20,5,6,73
Garrett County,U.S. Congress,06,Chris Hyser,REP,13,69,28,4,5,119
Garrett County,U.S. Congress,06,Dan Cox,REP,280,930,141,22,26,1399
Garrett County,U.S. Congress,06,Destiny Drake West,DEM,3,6,8,0,1,18
Garrett County,U.S. Congress,06,Geoffrey Grammer,DEM,2,9,4,1,3,19
Garrett County,U.S. Congress,06,George Gluck,DEM,0,3,1,0,0,4
Garrett County,U.S. Congress,06,Joe Vogel,DEM,87,189,125,22,21,444
Garrett County,U.S. Congress,06,Joel Rubin,DEM,4,4,2,0,2,12
Garrett County,U.S. Congress,06,"Kiambo ""Bo"" White",DEM,0,10,1,2,0,13
Garrett County,U.S. Congress,06,Laurie-Anne Sayles,DEM,4,2,11,0,1,18
Garrett County,U.S. Congress,06,Lesley J. Lopez,DEM,6,16,9,1,3,35
Garrett County,U.S. Congress,06,Mariela Roca,REP,99,278,67,12,4,460
Garrett County,U.S. Congress,06,Mohammad S. Mozumder,DEM,0,0,2,0,0,2
Garrett County,U.S. Congress,06,Neil C. Parrott,REP,426,1362,238,51,58,2135
Garrett County,U.S. Congress,06,Peter Choharis,DEM,3,4,3,0,2,12
Garrett County,U.S. Congress,06,"Stephen R. McDow, II",DEM,1,6,3,1,4,15
Garrett County,U.S. Congress,06,Tekesha A. Martinez,DEM,0,9,8,1,8,26
Garrett County,U.S. Congress,06,Todd A. Puglisi,REP,3,13,4,2,1,23
Garrett County,U.S. Congress,06,Tom Royals,REP,35,73,16,3,3,130
Harford County,U.S. Congress,01,Andy Harris,REP,3857,10646,2600,849,232,18184
Harford County,U.S. Congress,01,"Blane H. Miller, III",DEM,1533,3463,2989,1123,415,9523
Harford County,U.S. Congress,01,Blessing T. Oluwadare,DEM,1125,2778,1476,738,326,6443
Harford County,U.S. Congress,01,"Chris Bruneau, Sr.",REP,732,2541,616,221,80,4190
Harford County,U.S. Congress,01,Michael Scott Lemon,REP,236,787,293,103,41,1460
Howard County,U.S. Congress,03,Abigail Diehl,DEM,48,239,150,67,10,514
Howard County,U.S. Congress,03,Aisha Khan,DEM,153,839,248,123,22,1385
Howard County,U.S. Congress,03,"Arthur Radford Baker, Jr.",REP,503,1360,667,200,25,2755
Howard County,U.S. Congress,03,Berney Flowers,REP,353,1291,263,83,8,1998
Howard County,U.S. Congress,03,Clarence Lam,DEM,1333,3278,2209,1115,122,8057
Howard County,U.S. Congress,03,Danny Craig Rupli,DEM,2,18,4,1,0,25
Howard County,U.S. Congress,03,Don Quinn,DEM,31,109,30,28,3,201
Howard County,U.S. Congress,03,Gary Schuman,DEM,18,82,45,14,2,161
Howard County,U.S. Congress,03,Harry Anthony Dunn,DEM,1846,4146,3330,1328,139,10789
Howard County,U.S. Congress,03,Jake Pretot,DEM,12,53,26,10,1,102
Howard County,U.S. Congress,03,Jeff Woodard,DEM,28,96,34,9,3,170
Howard County,U.S. Congress,03,"John H. Morse, III",DEM,67,394,137,179,25,802
Howard County,U.S. Congress,03,John Rea,REP,52,216,102,24,1,395
Howard County,U.S. Congress,03,Jordan Mayo,REP,145,551,175,50,5,926
Howard County,U.S. Congress,03,Joshua M. Morales,REP,161,677,154,50,5,1047
Howard County,U.S. Congress,03,Juan Dominguez,DEM,49,213,136,81,12,491
Howard County,U.S. Congress,03,Kristin Anne Lyman Nabors,DEM,25,114,58,23,6,226
Howard County,U.S. Congress,03,Lindsay Donahue,DEM,63,270,185,66,13,597
Howard County,U.S. Congress,03,Malcolm Thomas Colombo,DEM,27,129,56,48,10,270
Howard County,U.S. Congress,03,Mark S. Chang,DEM,133,673,447,195,35,1483
Howard County,U.S. Congress,03,Mark Steven Gosnell,DEM,18,36,41,8,2,105
Howard County,U.S. Congress,03,Matt Libber,DEM,16,37,24,11,0,88
Howard County,U.S. Congress,03,Michael Coburn,DEM,37,144,50,28,3,262
Howard County,U.S. Congress,03,Mike Rogers,DEM,137,220,116,57,6,536
Howard County,U.S. Congress,03,Naveed Mian,REP,79,235,160,40,9,523
Howard County,U.S. Congress,03,Ray Bly,REP,144,589,133,44,3,913
Howard County,U.S. Congress,03,Robert J. Steinberger,REP,583,1784,564,174,24,3129
Howard County,U.S. Congress,03,Sarah Elfreth,DEM,1677,5075,3370,1796,227,12145
Howard County,U.S. Congress,03,Stewart Fred Silver,DEM,1,20,19,2,0,42
Howard County,U.S. Congress,03,Terri Hill,DEM,791,2175,822,580,61,4429
Howard County,U.S. Congress,03,"Thomas E. ""Pinkston"" Harris",REP,112,461,93,24,5,695
Kent County,U.S. Congress,01,Andy Harris,REP,247,843,235,41,16,1382
Kent County,U.S. Congress,01,"Blane H. Miller, III",DEM,231,316,432,35,48,1062
Kent County,U.S. Congress,01,Blessing T. Oluwadare,DEM,160,244,217,21,29,671
Kent County,U.S. Congress,01,"Chris Bruneau, Sr.",REP,58,165,43,12,8,286
Kent County,U.S. Congress,01,Michael Scott Lemon,REP,23,53,32,1,6,115
Montgomery County,U.S. Congress,04,Emmett Johnson,DEM,42,92,36,11,46,227
Montgomery County,U.S. Congress,04,Gabriel Njinimbot,DEM,49,233,50,24,49,405
Montgomery County,U.S. Congress,04,George McDermott,REP,82,170,81,13,51,397
Montgomery County,U.S. Congress,04,Glenn F. Ivey,DEM,540,808,531,79,474,2432
Montgomery County,U.S. Congress,04,Joseph Gomes,DEM,31,119,54,12,32,248
Montgomery County,U.S. Congress,06,Adrian Petrus,DEM,7,29,15,1,5,57
Montgomery County,U.S. Congress,06,Altimont Mark Wilks,DEM,10,21,6,2,8,47
Montgomery County,U.S. Congress,06,April McClain Delaney,DEM,983,2797,1640,213,2133,7766
Montgomery County,U.S. Congress,06,Ashwani Jain,DEM,212,790,367,78,329,1776
Montgomery County,U.S. Congress,06,Brenda J. Thiam,REP,28,83,46,4,50,211
Montgomery County,U.S. Congress,06,Chris Hyser,REP,29,103,63,13,64,272
Montgomery County,U.S. Congress,06,Dan Cox,REP,233,884,222,33,219,1591
Montgomery County,U.S. Congress,06,Destiny Drake West,DEM,55,282,92,20,88,537
Montgomery County,U.S. Congress,06,Geoffrey Grammer,DEM,18,81,79,2,53,233
Montgomery County,U.S. Congress,06,George Gluck,DEM,23,40,46,2,34,145
Montgomery County,U.S. Congress,06,Joe Vogel,DEM,598,2139,952,129,1150,4968
Montgomery County,U.S. Congress,06,Joel Rubin,DEM,19,88,151,9,94,361
Montgomery County,U.S. Congress,06,"Kiambo ""Bo"" White",DEM,14,77,19,10,17,137
Montgomery County,U.S. Congress,06,Laurie-Anne Sayles,DEM,203,393,264,22,249,1131
Montgomery County,U.S. Congress,06,Lesley J. Lopez,DEM,152,443,352,34,339,1320
Montgomery County,U.S. Congress,06,Mariela Roca,REP,135,485,121,14,99,854
Montgomery County,U.S. Congress,06,Mohammad S. Mozumder,DEM,53,226,94,27,112,512
Montgomery County,U.S. Congress,06,Neil C. Parrott,REP,372,1199,281,39,290,2181
Montgomery County,U.S. Congress,06,Peter Choharis,DEM,29,78,107,14,73,301
Montgomery County,U.S. Congress,06,"Stephen R. McDow, II",DEM,7,20,16,1,10,54
Montgomery County,U.S. Congress,06,Tekesha A. Martinez,DEM,117,313,207,25,254,916
Montgomery County,U.S. Congress,06,Todd A. Puglisi,REP,15,53,19,6,17,110
Montgomery County,U.S. Congress,06,Tom Royals,REP,95,214,56,10,58,433
Montgomery County,U.S. Congress,08,Cheryl Riley,REP,1518,4524,1944,241,1420,9647
Montgomery County,U.S. Congress,08,Eric Felber,DEM,691,2651,1153,234,907,5636
Montgomery County,U.S. Congress,08,Jamie Raskin,DEM,11837,37225,26261,3695,24051,103069
Montgomery County,U.S. Congress,08,Michael Yadeta,REP,592,2138,784,120,656,4290
Prince George's County,U.S. Congress,04,Emmett Johnson,DEM,396,1851,511,184,666,3608
Prince George's County,U.S. Congress,04,Gabriel Njinimbot,DEM,516,1936,458,230,821,3961
Prince George's County,U.S. Congress,04,George McDermott,REP,449,1471,640,92,514,3166
Prince George's County,U.S. Congress,04,Glenn F. Ivey,DEM,10697,23889,11410,2048,16183,64227
Prince George's County,U.S. Congress,04,Joseph Gomes,DEM,300,1774,554,183,614,3425
Prince George's County,U.S. Congress,05,Andrea L. Crooms,DEM,640,1707,357,149,551,3404
Prince George's County,U.S. Congress,05,McKayla Wilkes,DEM,567,1995,545,155,966,4228
Prince George's County,U.S. Congress,05,Michelle Talkington,REP,393,927,370,35,282,2007
Prince George's County,U.S. Congress,05,Quincy Bareebe,DEM,1346,3033,325,224,622,5550
Prince George's County,U.S. Congress,05,Steny Hoyer,DEM,7135,11765,5252,919,8359,33430
Prince George's County,U.S. Congress,08,Cheryl Riley,REP,0,0,0,0,0,0
Prince George's County,U.S. Congress,08,Eric Felber,DEM,0,0,0,0,0,0
Prince George's County,U.S. Congress,08,Jamie Raskin,DEM,2,0,0,0,0,2
Prince George's County,U.S. Congress,08,Michael Yadeta,REP,0,0,0,0,0,0
Queen Anne's County,U.S. Congress,01,Andy Harris,REP,1116,2529,707,93,47,4492
Queen Anne's County,U.S. Congress,01,"Blane H. Miller, III",DEM,347,685,754,59,40,1885
Queen Anne's County,U.S. Congress,01,Blessing T. Oluwadare,DEM,239,395,399,39,24,1096
Queen Anne's County,U.S. Congress,01,"Chris Bruneau, Sr.",REP,190,495,187,29,9,910
Queen Anne's County,U.S. Congress,01,Michael Scott Lemon,REP,69,206,62,14,8,359
Saint Mary's County,U.S. Congress,05,Andrea L. Crooms,DEM,77,237,171,13,18,516
Saint Mary's County,U.S. Congress,05,McKayla Wilkes,DEM,101,301,243,25,20,690
Saint Mary's County,U.S. Congress,05,Michelle Talkington,REP,2117,4310,1225,125,80,7857
Saint Mary's County,U.S. Congress,05,Quincy Bareebe,DEM,62,148,137,11,7,365
Saint Mary's County,U.S. Congress,05,Steny Hoyer,DEM,1040,1967,2311,161,169,5648
Somerset County,U.S. Congress,01,Andy Harris,REP,262,920,83,80,92,1437
Somerset County,U.S. Congress,01,"Blane H. Miller, III",DEM,60,198,113,74,73,518
Somerset County,U.S. Congress,01,Blessing T. Oluwadare,DEM,48,153,59,34,60,354
Somerset County,U.S. Congress,01,"Chris Bruneau, Sr.",REP,37,136,12,6,17,208
Somerset County,U.S. Congress,01,Michael Scott Lemon,REP,18,27,6,13,5,69
Talbot County,U.S. Congress,01,Andy Harris,REP,736,1585,414,65,168,2968
Talbot County,U.S. Congress,01,"Blane H. Miller, III",DEM,393,642,675,63,246,2019
Talbot County,U.S. Congress,01,Blessing T. Oluwadare,DEM,221,422,401,41,153,1238
Talbot County,U.S. Congress,01,"Chris Bruneau, Sr.",REP,129,232,121,21,42,545
Talbot County,U.S. Congress,01,Michael Scott Lemon,REP,46,105,49,10,28,238
Washington County,U.S. Congress,06,Adrian Petrus,DEM,7,11,13,2,0,33
Washington County,U.S. Congress,06,Altimont Mark Wilks,DEM,4,12,9,3,0,28
Washington County,U.S. Congress,06,April McClain Delaney,DEM,509,1005,1905,104,2,3525
Washington County,U.S. Congress,06,Ashwani Jain,DEM,58,247,212,20,0,537
Washington County,U.S. Congress,06,Brenda J. Thiam,REP,156,365,200,22,0,743
Washington County,U.S. Congress,06,Chris Hyser,REP,46,134,161,9,0,350
Washington County,U.S. Congress,06,Dan Cox,REP,466,1823,466,55,0,2810
Washington County,U.S. Congress,06,Destiny Drake West,DEM,13,42,42,3,0,100
Washington County,U.S. Congress,06,Geoffrey Grammer,DEM,12,30,56,7,0,105
Washington County,U.S. Congress,06,George Gluck,DEM,6,36,34,2,0,78
Washington County,U.S. Congress,06,Joe Vogel,DEM,256,604,741,51,4,1656
Washington County,U.S. Congress,06,Joel Rubin,DEM,19,44,47,7,0,117
Washington County,U.S. Congress,06,"Kiambo ""Bo"" White",DEM,15,41,14,3,0,73
Washington County,U.S. Congress,06,Laurie-Anne Sayles,DEM,10,55,66,8,1,140
Washington County,U.S. Congress,06,Lesley J. Lopez,DEM,27,68,123,4,1,223
Washington County,U.S. Congress,06,Mariela Roca,REP,212,696,185,22,0,1115
Washington County,U.S. Congress,06,Mohammad S. Mozumder,DEM,12,43,27,6,0,88
Washington County,U.S. Congress,06,Neil C. Parrott,REP,1444,4866,1600,160,7,8077
Washington County,U.S. Congress,06,Peter Choharis,DEM,16,46,61,3,0,126
Washington County,U.S. Congress,06,"Stephen R. McDow, II",DEM,2,12,22,1,0,37
Washington County,U.S. Congress,06,Tekesha A. Martinez,DEM,182,607,587,56,4,1436
Washington County,U.S. Congress,06,Todd A. Puglisi,REP,8,28,32,2,0,70
Washington County,U.S. Congress,06,Tom Royals,REP,70,142,54,8,0,274
Wicomico County,U.S. Congress,01,Andy Harris,REP,937,3293,703,301,132,5366
Wicomico County,U.S. Congress,01,"Blane H. Miller, III",DEM,425,899,921,353,151,2749
Wicomico County,U.S. Congress,01,Blessing T. Oluwadare,DEM,386,685,582,277,97,2027
Wicomico County,U.S. Congress,01,"Chris Bruneau, Sr.",REP,117,343,106,68,23,657
Wicomico County,U.S. Congress,01,Michael Scott Lemon,REP,66,185,81,39,19,390
Worcester County,U.S. Congress,01,Andy Harris,REP,691,3107,970,108,74,4950
Worcester County,U.S. Congress,01,"Blane H. Miller, III",DEM,226,757,1004,66,79,2132
Worcester County,U.S. Congress,01,Blessing T. Oluwadare,DEM,114,505,434,46,61,1160
Worcester County,U.S. Congress,01,"Chris Bruneau, Sr.",REP,111,474,160,19,10,774
Worcester County,U.S. Congress,01,Michael Scott Lemon,REP,37,155,84,7,3,286
Allegany County,President - Vice Pres,NA,Dean Phillips,DEM,9,33,22,5,1,70
Allegany County,President - Vice Pres,NA,Donald J. Trump,REP,638,4409,1048,149,34,6278
Allegany County,President - Vice Pres,NA,Joe Biden,DEM,227,1086,1224,158,36,2731
Allegany County,President - Vice Pres,NA,Marianne Williamson,DEM,8,56,29,8,3,104
Allegany County,President - Vice Pres,NA,Nikki R. Haley,REP,78,405,274,38,3,798
Allegany County,President - Vice Pres,NA,Uncommitted to any Presidential Candidate,DEM,45,231,155,18,4,453
Allegany County,U.S. Senator,NA,Andrew Jaye Wildman,DEM,3,12,7,2,0,24
Allegany County,U.S. Senator,NA,Angela Alsobrooks,DEM,40,233,151,15,12,451
Allegany County,U.S. Senator,NA,Brian E. Frydenborg,DEM,1,12,8,1,1,23
Allegany County,U.S. Senator,NA,Chris Chaffee,REP,21,134,37,6,0,198
Allegany County,U.S. Senator,NA,David J. Trone,DEM,225,1073,1195,164,28,2685
Allegany County,U.S. Senator,NA,John A. Myrick,REP,13,57,24,3,0,97
Allegany County,U.S. Senator,NA,Joseph Perez,DEM,5,22,6,0,0,33
Allegany County,U.S. Senator,NA,Laban Y. Seyoum,REP,2,5,2,0,0,9
Allegany County,U.S. Senator,NA,Larry Hogan,REP,293,2035,807,119,13,3267
Allegany County,U.S. Senator,NA,Lorie R. Friend,REP,27,216,78,9,3,333
Allegany County,U.S. Senator,NA,Marcellus Crews,DEM,5,5,6,1,2,19
Allegany County,U.S. Senator,NA,"Michael W. Cobb, Sr.",DEM,4,10,10,3,0,27
Allegany County,U.S. Senator,NA,Moe H. Barakat,REP,4,33,3,1,0,41
Allegany County,U.S. Senator,NA,Robert K. Houton,DEM,1,8,3,1,0,13
Allegany County,U.S. Senator,NA,Robin Ficker,REP,348,2292,349,45,20,3054
Allegany County,U.S. Senator,NA,Scottie J. Griffin,DEM,1,15,16,1,0,33
Allegany County,U.S. Senator,NA,Steven Henry Seuferer,DEM,0,1,3,0,0,4
Anne Arundel County,President - Vice Pres,NA,Dean Phillips,DEM,84,402,252,31,52,821
Anne Arundel County,President - Vice Pres,NA,Donald J. Trump,REP,4037,14623,5104,978,633,25375
Anne Arundel County,President - Vice Pres,NA,Joe Biden,DEM,5759,16270,19436,2199,3998,47662
Anne Arundel County,President - Vice Pres,NA,Marianne Williamson,DEM,92,575,315,59,118,1159
Anne Arundel County,President - Vice Pres,NA,Nikki R. Haley,REP,1121,3664,3388,519,484,9176
Anne Arundel County,President - Vice Pres,NA,Uncommitted to any Presidential Candidate,DEM,477,2297,1487,206,412,4879
Anne Arundel County,U.S. Senator,NA,Andrew Jaye Wildman,DEM,35,85,63,12,3,198
Anne Arundel County,U.S. Senator,NA,Angela Alsobrooks,DEM,3199,10857,9182,1204,2671,27113
Anne Arundel County,U.S. Senator,NA,Brian E. Frydenborg,DEM,28,139,152,27,46,392
Anne Arundel County,U.S. Senator,NA,Chris Chaffee,REP,156,576,179,42,26,979
Anne Arundel County,U.S. Senator,NA,David J. Trone,DEM,2914,7307,10942,1068,1628,23859
Anne Arundel County,U.S. Senator,NA,John A. Myrick,REP,109,329,153,12,35,638
Anne Arundel County,U.S. Senator,NA,Joseph Perez,DEM,56,195,152,34,26,463
Anne Arundel County,U.S. Senator,NA,Laban Y. Seyoum,REP,12,35,22,1,4,74
Anne Arundel County,U.S. Senator,NA,Larry Hogan,REP,3469,12021,7220,1175,889,24774
Anne Arundel County,U.S. Senator,NA,Lorie R. Friend,REP,84,291,155,34,23,587
Anne Arundel County,U.S. Senator,NA,Marcellus Crews,DEM,33,174,88,23,35,353
Anne Arundel County,U.S. Senator,NA,"Michael W. Cobb, Sr.",DEM,35,210,137,22,19,423
Anne Arundel County,U.S. Senator,NA,Moe H. Barakat,REP,26,152,64,18,13,273
Anne Arundel County,U.S. Senator,NA,Robert K. Houton,DEM,16,106,71,25,14,232
Anne Arundel County,U.S. Senator,NA,Robin Ficker,REP,1339,4958,842,236,144,7519
Anne Arundel County,U.S. Senator,NA,Scottie J. Griffin,DEM,30,181,119,19,23,372
Anne Arundel County,U.S. Senator,NA,Steven Henry Seuferer,DEM,13,64,38,10,16,141
Baltimore City,President - Vice Pres,NA,Dean Phillips,DEM,145,475,270,69,103,1062
Baltimore City,President - Vice Pres,NA,Donald J. Trump,REP,308,1709,770,156,129,3072
Baltimore City,President - Vice Pres,NA,Joe Biden,DEM,11781,30841,23125,4612,6139,76498
Baltimore City,President - Vice Pres,NA,Marianne Williamson,DEM,172,880,387,146,148,1733
Baltimore City,President - Vice Pres,NA,Nikki R. Haley,REP,122,486,508,52,89,1257
Baltimore City,President - Vice Pres,NA,Uncommitted to any Presidential Candidate,DEM,1315,7190,2454,866,1353,13178
Baltimore City,U.S. Senator,NA,Andrew Jaye Wildman,DEM,54,135,71,13,20,293
Baltimore City,U.S. Senator,NA,Angela Alsobrooks,DEM,7949,24977,13174,3287,4709,54096
Baltimore City,U.S. Senator,NA,Brian E. Frydenborg,DEM,56,173,112,31,57,429
Baltimore City,U.S. Senator,NA,Chris Chaffee,REP,9,45,24,5,5,88
Baltimore City,U.S. Senator,NA,David J. Trone,DEM,4885,12068,11266,1944,2614,32777
Baltimore City,U.S. Senator,NA,John A. Myrick,REP,14,42,22,2,6,86
Baltimore City,U.S. Senator,NA,Joseph Perez,DEM,98,326,196,47,37,704
Baltimore City,U.S. Senator,NA,Laban Y. Seyoum,REP,3,9,14,2,1,29
Baltimore City,U.S. Senator,NA,Larry Hogan,REP,272,1439,986,138,169,3004
Baltimore City,U.S. Senator,NA,Lorie R. Friend,REP,17,40,27,7,8,99
Baltimore City,U.S. Senator,NA,Marcellus Crews,DEM,51,237,116,49,27,480
Baltimore City,U.S. Senator,NA,"Michael W. Cobb, Sr.",DEM,76,356,188,76,16,712
Baltimore City,U.S. Senator,NA,Moe H. Barakat,REP,7,27,24,6,3,67
Baltimore City,U.S. Senator,NA,Robert K. Houton,DEM,22,96,70,33,7,228
Baltimore City,U.S. Senator,NA,Robin Ficker,REP,122,618,167,45,25,977
Baltimore City,U.S. Senator,NA,Scottie J. Griffin,DEM,53,219,152,51,30,505
Baltimore City,U.S. Senator,NA,Steven Henry Seuferer,DEM,46,125,51,14,16,252
Baltimore County,President - Vice Pres,NA,Dean Phillips,DEM,226,678,376,60,118,1458
Baltimore County,President - Vice Pres,NA,Donald J. Trump,REP,6242,16437,5477,1137,1726,31019
Baltimore County,President - Vice Pres,NA,Joe Biden,DEM,13418,26381,26036,3958,11007,80800
Baltimore County,President - Vice Pres,NA,Marianne Williamson,DEM,263,1147,564,139,204,2317
Baltimore County,President - Vice Pres,NA,Nikki R. Haley,REP,1283,3174,2726,486,929,8598
Baltimore County,President - Vice Pres,NA,Uncommitted to any Presidential Candidate,DEM,1315,4590,2718,525,1059,10207
Baltimore County,U.S. Senator,NA,Andrew Jaye Wildman,DEM,90,230,134,22,29,505
Baltimore County,U.S. Senator,NA,Angela Alsobrooks,DEM,8303,18338,11809,2314,6017,46781
Baltimore County,U.S. Senator,NA,Brian E. Frydenborg,DEM,72,198,208,36,88,602
Baltimore County,U.S. Senator,NA,Chris Chaffee,REP,146,439,159,37,40,821
Baltimore County,U.S. Senator,NA,David J. Trone,DEM,6179,12239,15778,2036,5691,41923
Baltimore County,U.S. Senator,NA,John A. Myrick,REP,127,322,119,18,36,622
Baltimore County,U.S. Senator,NA,Joseph Perez,DEM,106,318,246,37,61,768
Baltimore County,U.S. Senator,NA,Laban Y. Seyoum,REP,18,51,19,10,8,106
Baltimore County,U.S. Senator,NA,Larry Hogan,REP,4720,12324,6931,1290,2161,27426
Baltimore County,U.S. Senator,NA,Lorie R. Friend,REP,141,359,161,33,43,737
Baltimore County,U.S. Senator,NA,Marcellus Crews,DEM,65,230,129,31,47,502
Baltimore County,U.S. Senator,NA,"Michael W. Cobb, Sr.",DEM,138,398,270,36,60,902
Baltimore County,U.S. Senator,NA,Moe H. Barakat,REP,49,145,69,17,22,302
Baltimore County,U.S. Senator,NA,Robert K. Houton,DEM,47,131,112,27,27,344
Baltimore County,U.S. Senator,NA,Robin Ficker,REP,2333,5956,853,233,424,9799
Baltimore County,U.S. Senator,NA,Scottie J. Griffin,DEM,101,316,190,31,66,704
Baltimore County,U.S. Senator,NA,Steven Henry Seuferer,DEM,49,121,52,13,25,260
Calvert County,President - Vice Pres,NA,Dean Phillips,DEM,18,58,30,4,1,111
Calvert County,President - Vice Pres,NA,Donald J. Trump,REP,1502,4249,1392,150,38,7331
Calvert County,President - Vice Pres,NA,Joe Biden,DEM,1021,2274,3343,185,61,6884
Calvert County,President - Vice Pres,NA,Marianne Williamson,DEM,22,90,77,10,2,201
Calvert County,President - Vice Pres,NA,Nikki R. Haley,REP,276,699,651,57,12,1695
Calvert County,President - Vice Pres,NA,Uncommitted to any Presidential Candidate,DEM,86,337,279,28,17,747
Calvert County,U.S. Senator,NA,Andrew Jaye Wildman,DEM,5,13,11,0,1,30
Calvert County,U.S. Senator,NA,Angela Alsobrooks,DEM,517,1388,1508,97,52,3562
Calvert County,U.S. Senator,NA,Brian E. Frydenborg,DEM,5,20,27,0,1,53
Calvert County,U.S. Senator,NA,Chris Chaffee,REP,137,433,110,14,2,696
Calvert County,U.S. Senator,NA,David J. Trone,DEM,570,1161,1958,115,15,3819
Calvert County,U.S. Senator,NA,John A. Myrick,REP,48,90,39,5,1,183
Calvert County,U.S. Senator,NA,Joseph Perez,DEM,4,22,21,2,2,51
Calvert County,U.S. Senator,NA,Laban Y. Seyoum,REP,1,6,4,1,0,12
Calvert County,U.S. Senator,NA,Larry Hogan,REP,921,2628,1506,149,28,5232
Calvert County,U.S. Senator,NA,Lorie R. Friend,REP,32,59,47,3,1,142
Calvert County,U.S. Senator,NA,Marcellus Crews,DEM,7,26,10,2,0,45
Calvert County,U.S. Senator,NA,"Michael W. Cobb, Sr.",DEM,10,29,18,2,0,59
Calvert County,U.S. Senator,NA,Moe H. Barakat,REP,6,20,11,1,1,39
Calvert County,U.S. Senator,NA,Robert K. Houton,DEM,4,12,13,0,1,30
Calvert County,U.S. Senator,NA,Robin Ficker,REP,632,1681,320,35,15,2683
Calvert County,U.S. Senator,NA,Scottie J. Griffin,DEM,5,20,27,2,1,55
Calvert County,U.S. Senator,NA,Steven Henry Seuferer,DEM,4,14,21,1,1,41
Caroline County,President - Vice Pres,NA,Dean Phillips,DEM,4,24,8,0,1,37
Caroline County,President - Vice Pres,NA,Donald J. Trump,REP,403,1500,312,55,14,2284
Caroline County,President - Vice Pres,NA,Joe Biden,DEM,231,392,442,44,16,1125
Caroline County,President - Vice Pres,NA,Marianne Williamson,DEM,6,19,14,2,1,42
Caroline County,President - Vice Pres,NA,Nikki R. Haley,REP,68,155,92,8,3,326
Caroline County,President - Vice Pres,NA,Uncommitted to any Presidential Candidate,DEM,21,65,43,4,5,138
Caroline County,U.S. Senator,NA,Andrew Jaye Wildman,DEM,0,1,3,0,0,4
Caroline County,U.S. Senator,NA,Angela Alsobrooks,DEM,111,223,180,13,11,538
Caroline County,U.S. Senator,NA,Brian E. Frydenborg,DEM,1,6,6,3,1,17
Caroline County,U.S. Senator,NA,Chris Chaffee,REP,6,48,12,2,2,70
Caroline County,U.S. Senator,NA,David J. Trone,DEM,130,233,263,27,10,663
Caroline County,U.S. Senator,NA,John A. Myrick,REP,3,25,5,0,0,33
Caroline County,U.S. Senator,NA,Joseph Perez,DEM,4,12,12,0,0,28
Caroline County,U.S. Senator,NA,Laban Y. Seyoum,REP,3,3,1,2,1,10
Caroline County,U.S. Senator,NA,Larry Hogan,REP,241,717,272,30,4,1264
Caroline County,U.S. Senator,NA,Lorie R. Friend,REP,7,35,5,4,1,52
Caroline County,U.S. Senator,NA,Marcellus Crews,DEM,2,4,6,0,0,12
Caroline County,U.S. Senator,NA,"Michael W. Cobb, Sr.",DEM,6,6,12,1,0,25
Caroline County,U.S. Senator,NA,Moe H. Barakat,REP,2,9,1,1,0,13
Caroline County,U.S. Senator,NA,Robert K. Houton,DEM,1,4,1,0,0,6
Caroline County,U.S. Senator,NA,Robin Ficker,REP,210,820,106,22,8,1166
Caroline County,U.S. Senator,NA,Scottie J. Griffin,DEM,1,6,7,3,0,17
Caroline County,U.S. Senator,NA,Steven Henry Seuferer,DEM,1,1,0,0,0,2
Carroll County,President - Vice Pres,NA,Dean Phillips,DEM,33,107,50,9,2,201
Carroll County,President - Vice Pres,NA,Donald J. Trump,REP,2796,9474,2580,264,45,15159
Carroll County,President - Vice Pres,NA,Joe Biden,DEM,1230,3052,4516,322,117,9237
Carroll County,President - Vice Pres,NA,Marianne Williamson,DEM,45,162,112,15,5,339
Carroll County,President - Vice Pres,NA,Nikki R. Haley,REP,646,1894,1439,105,37,4121
Carroll County,President - Vice Pres,NA,Uncommitted to any Presidential Candidate,DEM,174,568,545,63,23,1373
Carroll County,U.S. Senator,NA,Andrew Jaye Wildman,DEM,12,25,24,0,1,62
Carroll County,U.S. Senator,NA,Angela Alsobrooks,DEM,555,1715,1721,158,64,4213
Carroll County,U.S. Senator,NA,Brian E. Frydenborg,DEM,5,36,48,1,1,91
Carroll County,U.S. Senator,NA,Chris Chaffee,REP,65,245,78,3,1,392
Carroll County,U.S. Senator,NA,David J. Trone,DEM,837,1881,3116,223,72,6129
Carroll County,U.S. Senator,NA,John A. Myrick,REP,64,168,48,8,1,289
Carroll County,U.S. Senator,NA,Joseph Perez,DEM,10,45,25,6,0,86
Carroll County,U.S. Senator,NA,Laban Y. Seyoum,REP,6,34,14,1,0,55
Carroll County,U.S. Senator,NA,Larry Hogan,REP,2095,6981,3303,299,74,12752
Carroll County,U.S. Senator,NA,Lorie R. Friend,REP,67,195,62,4,1,329
Carroll County,U.S. Senator,NA,Marcellus Crews,DEM,5,24,21,2,3,55
Carroll County,U.S. Senator,NA,"Michael W. Cobb, Sr.",DEM,16,37,23,5,0,81
Carroll County,U.S. Senator,NA,Moe H. Barakat,REP,19,64,24,1,0,108
Carroll County,U.S. Senator,NA,Robert K. Houton,DEM,7,19,15,2,0,43
Carroll County,U.S. Senator,NA,Robin Ficker,REP,1154,3750,628,56,8,5596
Carroll County,U.S. Senator,NA,Scottie J. Griffin,DEM,14,36,31,5,0,86
Carroll County,U.S. Senator,NA,Steven Henry Seuferer,DEM,6,12,15,1,0,34
Cecil County,President - Vice Pres,NA,Dean Phillips,DEM,17,65,22,1,7,112
Cecil County,President - Vice Pres,NA,Donald J. Trump,REP,2208,6989,1080,142,440,10859
Cecil County,President - Vice Pres,NA,Joe Biden,DEM,489,1192,1400,48,542,3671
Cecil County,President - Vice Pres,NA,Marianne Williamson,DEM,21,83,29,2,25,160
Cecil County,President - Vice Pres,NA,Nikki R. Haley,REP,562,1433,632,62,262,2951
Cecil County,President - Vice Pres,NA,Uncommitted to any Presidential Candidate,DEM,87,321,151,5,65,629
Cecil County,U.S. Senator,NA,Andrew Jaye Wildman,DEM,7,23,9,0,8,47
Cecil County,U.S. Senator,NA,Angela Alsobrooks,DEM,193,629,417,24,233,1496
Cecil County,U.S. Senator,NA,Brian E. Frydenborg,DEM,3,20,12,1,7,43
Cecil County,U.S. Senator,NA,Chris Chaffee,REP,134,378,64,11,23,610
Cecil County,U.S. Senator,NA,David J. Trone,DEM,345,777,1019,22,336,2499
Cecil County,U.S. Senator,NA,John A. Myrick,REP,51,163,41,3,17,275
Cecil County,U.S. Senator,NA,Joseph Perez,DEM,10,40,12,1,9,72
Cecil County,U.S. Senator,NA,Laban Y. Seyoum,REP,13,23,7,2,8,53
Cecil County,U.S. Senator,NA,Larry Hogan,REP,1559,4839,1293,137,496,8324
Cecil County,U.S. Senator,NA,Lorie R. Friend,REP,42,186,55,4,13,300
Cecil County,U.S. Senator,NA,Marcellus Crews,DEM,12,16,10,0,5,43
Cecil County,U.S. Senator,NA,"Michael W. Cobb, Sr.",DEM,10,39,13,0,6,68
Cecil County,U.S. Senator,NA,Moe H. Barakat,REP,22,101,24,3,7,157
Cecil County,U.S. Senator,NA,Robert K. Houton,DEM,5,17,5,2,4,33
Cecil County,U.S. Senator,NA,Robin Ficker,REP,906,2484,224,38,141,3793
Cecil County,U.S. Senator,NA,Scottie J. Griffin,DEM,13,34,17,0,6,70
Cecil County,U.S. Senator,NA,Steven Henry Seuferer,DEM,8,14,4,1,2,29
Charles County,President - Vice Pres,NA,Dean Phillips,DEM,24,118,70,9,2,223
Charles County,President - Vice Pres,NA,Donald J. Trump,REP,868,2805,1106,70,39,4888
Charles County,President - Vice Pres,NA,Joe Biden,DEM,2811,7822,6557,464,222,17876
Charles County,President - Vice Pres,NA,Marianne Williamson,DEM,48,167,84,19,7,325
Charles County,President - Vice Pres,NA,Nikki R. Haley,REP,158,466,449,16,11,1100
Charles County,President - Vice Pres,NA,Uncommitted to any Presidential Candidate,DEM,147,796,409,45,22,1419
Charles County,U.S. Senator,NA,Andrew Jaye Wildman,DEM,5,25,16,5,1,52
Charles County,U.S. Senator,NA,Angela Alsobrooks,DEM,1828,5994,3915,352,153,12242
Charles County,U.S. Senator,NA,Brian E. Frydenborg,DEM,6,24,22,3,1,56
Charles County,U.S. Senator,NA,Chris Chaffee,REP,47,139,82,3,3,274
Charles County,U.S. Senator,NA,David J. Trone,DEM,1103,2565,2901,144,81,6794
Charles County,U.S. Senator,NA,John A. Myrick,REP,21,40,29,2,0,92
Charles County,U.S. Senator,NA,Joseph Perez,DEM,15,36,33,3,1,88
Charles County,U.S. Senator,NA,Laban Y. Seyoum,REP,2,12,4,0,0,18
Charles County,U.S. Senator,NA,Larry Hogan,REP,526,1740,1183,49,36,3534
Charles County,U.S. Senator,NA,Lorie R. Friend,REP,15,45,29,5,1,95
Charles County,U.S. Senator,NA,Marcellus Crews,DEM,20,56,29,9,6,120
Charles County,U.S. Senator,NA,"Michael W. Cobb, Sr.",DEM,16,72,44,11,2,145
Charles County,U.S. Senator,NA,Moe H. Barakat,REP,7,13,17,1,1,39
Charles County,U.S. Senator,NA,Robert K. Houton,DEM,8,16,19,5,0,48
Charles County,U.S. Senator,NA,Robin Ficker,REP,411,1291,245,29,7,1983
Charles County,U.S. Senator,NA,Scottie J. Griffin,DEM,10,40,30,2,0,82
Charles County,U.S. Senator,NA,Steven Henry Seuferer,DEM,11,39,11,2,0,63
Dorchester County,President - Vice Pres,NA,Dean Phillips,DEM,6,17,8,2,9,42
Dorchester County,President - Vice Pres,NA,Donald J. Trump,REP,416,1663,227,88,135,2529
Dorchester County,President - Vice Pres,NA,Joe Biden,DEM,314,624,671,153,179,1941
Dorchester County,President - Vice Pres,NA,Marianne Williamson,DEM,13,23,17,2,7,62
Dorchester County,President - Vice Pres,NA,Nikki R. Haley,REP,46,168,65,31,39,349
Dorchester County,President - Vice Pres,NA,Uncommitted to any Presidential Candidate,DEM,28,79,45,16,19,187
Dorchester County,U.S. Senator,NA,Andrew Jaye Wildman,DEM,10,8,4,0,1,23
Dorchester County,U.S. Senator,NA,Angela Alsobrooks,DEM,98,296,249,40,57,740
Dorchester County,U.S. Senator,NA,Brian E. Frydenborg,DEM,3,2,8,1,3,17
Dorchester County,U.S. Senator,NA,Chris Chaffee,REP,32,95,10,6,5,148
Dorchester County,U.S. Senator,NA,David J. Trone,DEM,221,383,409,111,131,1255
Dorchester County,U.S. Senator,NA,John A. Myrick,REP,6,24,5,3,5,43
Dorchester County,U.S. Senator,NA,Joseph Perez,DEM,8,7,4,4,5,28
Dorchester County,U.S. Senator,NA,Laban Y. Seyoum,REP,0,5,0,0,0,5
Dorchester County,U.S. Senator,NA,Larry Hogan,REP,194,687,165,85,115,1246
Dorchester County,U.S. Senator,NA,Lorie R. Friend,REP,5,24,6,4,0,39
Dorchester County,U.S. Senator,NA,Marcellus Crews,DEM,4,6,9,1,5,25
Dorchester County,U.S. Senator,NA,"Michael W. Cobb, Sr.",DEM,3,8,10,5,5,31
Dorchester County,U.S. Senator,NA,Moe H. Barakat,REP,4,3,3,0,2,12
Dorchester County,U.S. Senator,NA,Robert K. Houton,DEM,3,6,4,3,3,19
Dorchester County,U.S. Senator,NA,Robin Ficker,REP,225,982,103,23,44,1377
Dorchester County,U.S. Senator,NA,Scottie J. Griffin,DEM,6,11,10,2,1,30
Dorchester County,U.S. Senator,NA,Steven Henry Seuferer,DEM,0,4,2,0,0,6
Frederick County,President - Vice Pres,NA,Dean Phillips,DEM,28,177,56,17,71,349
Frederick County,President - Vice Pres,NA,Donald J. Trump,REP,2198,10479,1294,337,1336,15644
Frederick County,President - Vice Pres,NA,Joe Biden,DEM,2237,8430,4243,937,6208,22055
Frederick County,President - Vice Pres,NA,Marianne Williamson,DEM,34,354,96,37,136,657
Frederick County,President - Vice Pres,NA,Nikki R. Haley,REP,470,2127,777,151,797,4322
Frederick County,President - Vice Pres,NA,Uncommitted to any Presidential Candidate,DEM,234,1266,350,110,579,2539
Frederick County,U.S. Senator,NA,Andrew Jaye Wildman,DEM,4,35,10,2,8,59
Frederick County,U.S. Senator,NA,Angela Alsobrooks,DEM,651,3209,893,335,2083,7171
Frederick County,U.S. Senator,NA,Brian E. Frydenborg,DEM,15,74,25,6,53,173
Frederick County,U.S. Senator,NA,Chris Chaffee,REP,93,412,44,17,41,607
Frederick County,U.S. Senator,NA,David J. Trone,DEM,1780,6478,3604,726,4681,17269
Frederick County,U.S. Senator,NA,John A. Myrick,REP,80,314,39,13,49,495
Frederick County,U.S. Senator,NA,Joseph Perez,DEM,20,80,30,6,19,155
Frederick County,U.S. Senator,NA,Laban Y. Seyoum,REP,9,34,5,5,8,61
Frederick County,U.S. Senator,NA,Larry Hogan,REP,1462,6941,1665,337,1619,12024
Frederick County,U.S. Senator,NA,Lorie R. Friend,REP,66,285,49,18,62,480
Frederick County,U.S. Senator,NA,Marcellus Crews,DEM,10,64,15,6,20,115
Frederick County,U.S. Senator,NA,"Michael W. Cobb, Sr.",DEM,13,56,27,7,11,114
Frederick County,U.S. Senator,NA,Moe H. Barakat,REP,12,103,21,7,24,167
Frederick County,U.S. Senator,NA,Robert K. Houton,DEM,9,36,13,3,9,70
Frederick County,U.S. Senator,NA,Robin Ficker,REP,950,4467,277,97,367,6158
Frederick County,U.S. Senator,NA,Scottie J. Griffin,DEM,17,54,24,4,11,110
Frederick County,U.S. Senator,NA,Steven Henry Seuferer,DEM,5,23,4,1,4,37
Garrett County,President - Vice Pres,NA,Dean Phillips,DEM,6,13,5,3,0,27
Garrett County,President - Vice Pres,NA,Donald J. Trump,REP,775,2607,419,88,89,3978
Garrett County,President - Vice Pres,NA,Joe Biden,DEM,174,341,374,62,107,1058
Garrett County,President - Vice Pres,NA,Marianne Williamson,DEM,2,11,9,3,2,27
Garrett County,President - Vice Pres,NA,Nikki R. Haley,REP,115,246,138,22,29,550
Garrett County,President - Vice Pres,NA,Uncommitted to any Presidential Candidate,DEM,26,90,36,10,16,178
Garrett County,U.S. Senator,NA,Andrew Jaye Wildman,DEM,0,5,1,1,0,7
Garrett County,U.S. Senator,NA,Angela Alsobrooks,DEM,27,58,53,11,17,166
Garrett County,U.S. Senator,NA,Brian E. Frydenborg,DEM,0,1,4,1,1,7
Garrett County,U.S. Senator,NA,Chris Chaffee,REP,18,118,21,3,10,170
Garrett County,U.S. Senator,NA,David J. Trone,DEM,172,353,347,60,97,1029
Garrett County,U.S. Senator,NA,John A. Myrick,REP,19,39,11,2,5,76
Garrett County,U.S. Senator,NA,Joseph Perez,DEM,3,6,3,3,1,16
Garrett County,U.S. Senator,NA,Laban Y. Seyoum,REP,0,7,2,0,1,10
Garrett County,U.S. Senator,NA,Larry Hogan,REP,361,1043,346,61,63,1874
Garrett County,U.S. Senator,NA,Lorie R. Friend,REP,68,250,50,14,12,394
Garrett County,U.S. Senator,NA,Marcellus Crews,DEM,0,4,2,0,1,7
Garrett County,U.S. Senator,NA,"Michael W. Cobb, Sr.",DEM,1,9,1,0,1,12
Garrett County,U.S. Senator,NA,Moe H. Barakat,REP,3,36,2,2,1,44
Garrett County,U.S. Senator,NA,Robert K. Houton,DEM,3,3,1,1,1,9
Garrett County,U.S. Senator,NA,Robin Ficker,REP,419,1315,141,27,26,1928
Garrett County,U.S. Senator,NA,Scottie J. Griffin,DEM,3,9,3,0,2,17
Garrett County,U.S. Senator,NA,Steven Henry Seuferer,DEM,0,0,0,0,0,0
Harford County,President - Vice Pres,NA,Dean Phillips,DEM,40,192,80,28,13,353
Harford County,President - Vice Pres,NA,Donald J. Trump,REP,4065,12119,2516,880,254,19834
Harford County,President - Vice Pres,NA,Joe Biden,DEM,2525,5377,4527,1894,720,15043
Harford County,President - Vice Pres,NA,Marianne Williamson,DEM,53,308,108,56,31,556
Harford County,President - Vice Pres,NA,Nikki R. Haley,REP,828,2174,1191,358,124,4675
Harford County,President - Vice Pres,NA,Uncommitted to any Presidential Candidate,DEM,279,953,494,201,100,2027
Harford County,U.S. Senator,NA,Andrew Jaye Wildman,DEM,6,60,18,1,0,85
Harford County,U.S. Senator,NA,Angela Alsobrooks,DEM,1244,3399,1589,987,494,7713
Harford County,U.S. Senator,NA,Brian E. Frydenborg,DEM,17,71,40,19,13,160
Harford County,U.S. Senator,NA,Chris Chaffee,REP,126,477,76,28,10,717
Harford County,U.S. Senator,NA,David J. Trone,DEM,1480,2804,3153,1054,321,8812
Harford County,U.S. Senator,NA,John A. Myrick,REP,72,225,58,20,9,384
Harford County,U.S. Senator,NA,Joseph Perez,DEM,21,100,47,9,2,179
Harford County,U.S. Senator,NA,Laban Y. Seyoum,REP,12,24,4,2,1,43
Harford County,U.S. Senator,NA,Larry Hogan,REP,2916,8532,3042,923,269,15682
Harford County,U.S. Senator,NA,Lorie R. Friend,REP,84,213,73,18,11,399
Harford County,U.S. Senator,NA,Marcellus Crews,DEM,21,56,44,14,1,136
Harford County,U.S. Senator,NA,"Michael W. Cobb, Sr.",DEM,35,104,53,15,6,213
Harford County,U.S. Senator,NA,Moe H. Barakat,REP,24,81,38,10,3,156
Harford County,U.S. Senator,NA,Robert K. Houton,DEM,13,27,20,5,3,68
Harford County,U.S. Senator,NA,Robin Ficker,REP,1654,4714,437,258,79,7142
Harford County,U.S. Senator,NA,Scottie J. Griffin,DEM,27,90,46,27,7,197
Harford County,U.S. Senator,NA,Steven Henry Seuferer,DEM,9,25,16,7,2,59
Howard County,President - Vice Pres,NA,Dean Phillips,DEM,65,293,127,77,11,573
Howard County,President - Vice Pres,NA,Donald J. Trump,REP,1689,6167,1505,430,52,9843
Howard County,President - Vice Pres,NA,Joe Biden,DEM,5905,15625,11044,5174,627,38375
Howard County,President - Vice Pres,NA,Marianne Williamson,DEM,87,494,175,151,25,932
Howard County,President - Vice Pres,NA,Nikki R. Haley,REP,784,2535,1669,478,76,5542
Howard County,President - Vice Pres,NA,Uncommitted to any Presidential Candidate,DEM,572,2490,792,652,104,4610
Howard County,U.S. Senator,NA,Andrew Jaye Wildman,DEM,22,85,31,6,2,146
Howard County,U.S. Senator,NA,Angela Alsobrooks,DEM,3500,10481,5103,3406,445,22935
Howard County,U.S. Senator,NA,Brian E. Frydenborg,DEM,41,142,121,65,7,376
Howard County,U.S. Senator,NA,Chris Chaffee,REP,46,220,51,24,3,344
Howard County,U.S. Senator,NA,David J. Trone,DEM,2830,7149,6224,2281,256,18740
Howard County,U.S. Senator,NA,John A. Myrick,REP,57,149,44,22,1,273
Howard County,U.S. Senator,NA,Joseph Perez,DEM,46,183,87,31,11,358
Howard County,U.S. Senator,NA,Laban Y. Seyoum,REP,8,22,8,3,1,42
Howard County,U.S. Senator,NA,Larry Hogan,REP,1862,6497,2842,789,108,12098
Howard County,U.S. Senator,NA,Lorie R. Friend,REP,57,155,56,8,2,278
Howard County,U.S. Senator,NA,Marcellus Crews,DEM,28,168,69,30,8,303
Howard County,U.S. Senator,NA,"Michael W. Cobb, Sr.",DEM,41,187,78,24,2,332
Howard County,U.S. Senator,NA,Moe H. Barakat,REP,14,76,25,12,1,128
Howard County,U.S. Senator,NA,Robert K. Houton,DEM,21,79,33,25,1,159
Howard County,U.S. Senator,NA,Robin Ficker,REP,464,1673,220,85,12,2454
Howard County,U.S. Senator,NA,Scottie J. Griffin,DEM,31,130,58,33,4,256
Howard County,U.S. Senator,NA,Steven Henry Seuferer,DEM,15,47,34,20,2,118
Kent County,President - Vice Pres,NA,Dean Phillips,DEM,3,8,6,2,2,21
Kent County,President - Vice Pres,NA,Donald J. Trump,REP,245,890,207,38,19,1399
Kent County,President - Vice Pres,NA,Joe Biden,DEM,406,538,717,62,95,1818
Kent County,President - Vice Pres,NA,Marianne Williamson,DEM,3,15,10,0,1,29
Kent County,President - Vice Pres,NA,Nikki R. Haley,REP,83,183,115,18,12,411
Kent County,President - Vice Pres,NA,Uncommitted to any Presidential Candidate,DEM,33,88,69,9,7,206
Kent County,U.S. Senator,NA,Andrew Jaye Wildman,DEM,1,4,2,1,0,8
Kent County,U.S. Senator,NA,Angela Alsobrooks,DEM,217,339,323,32,56,967
Kent County,U.S. Senator,NA,Brian E. Frydenborg,DEM,2,4,4,0,1,11
Kent County,U.S. Senator,NA,Chris Chaffee,REP,4,27,11,3,0,45
Kent County,U.S. Senator,NA,David J. Trone,DEM,205,269,438,38,41,991
Kent County,U.S. Senator,NA,John A. Myrick,REP,4,13,2,2,0,21
Kent County,U.S. Senator,NA,Joseph Perez,DEM,2,5,3,2,0,12
Kent County,U.S. Senator,NA,Laban Y. Seyoum,REP,0,6,0,0,0,6
Kent County,U.S. Senator,NA,Larry Hogan,REP,216,686,271,40,24,1237
Kent County,U.S. Senator,NA,Lorie R. Friend,REP,4,16,6,1,1,28
Kent County,U.S. Senator,NA,Marcellus Crews,DEM,0,2,3,1,0,6
Kent County,U.S. Senator,NA,"Michael W. Cobb, Sr.",DEM,7,7,5,0,0,19
Kent County,U.S. Senator,NA,Moe H. Barakat,REP,4,9,2,0,0,15
Kent County,U.S. Senator,NA,Robert K. Houton,DEM,0,2,5,0,0,7
Kent County,U.S. Senator,NA,Robin Ficker,REP,101,326,39,10,7,483
Kent County,U.S. Senator,NA,Scottie J. Griffin,DEM,4,4,3,0,0,11
Kent County,U.S. Senator,NA,Steven Henry Seuferer,DEM,1,2,2,0,1,6
Montgomery County,President - Vice Pres,NA,Dean Phillips,DEM,152,600,277,53,256,1338
Montgomery County,President - Vice Pres,NA,Donald J. Trump,REP,2497,8235,2540,370,1999,15641
Montgomery County,President - Vice Pres,NA,Joe Biden,DEM,14100,42453,30830,4184,27972,119539
Montgomery County,President - Vice Pres,NA,Marianne Williamson,DEM,183,902,376,116,450,2027
Montgomery County,President - Vice Pres,NA,Nikki R. Haley,REP,967,3215,2197,255,1754,8388
Montgomery County,President - Vice Pres,NA,Uncommitted to any Presidential Candidate,DEM,1510,6120,2078,599,2677,12984
Montgomery County,U.S. Senator,NA,Andrew Jaye Wildman,DEM,33,116,85,11,38,283
Montgomery County,U.S. Senator,NA,Angela Alsobrooks,DEM,8020,26806,13836,2792,15667,67121
Montgomery County,U.S. Senator,NA,Brian E. Frydenborg,DEM,44,203,227,27,192,693
Montgomery County,U.S. Senator,NA,Chris Chaffee,REP,106,332,102,14,79,633
Montgomery County,U.S. Senator,NA,David J. Trone,DEM,7518,21673,17857,1968,14535,63551
Montgomery County,U.S. Senator,NA,John A. Myrick,REP,85,208,88,11,88,480
Montgomery County,U.S. Senator,NA,Joseph Perez,DEM,66,332,245,44,157,844
Montgomery County,U.S. Senator,NA,Laban Y. Seyoum,REP,17,36,18,9,24,104
Montgomery County,U.S. Senator,NA,Larry Hogan,REP,2375,7868,3938,495,3081,17757
Montgomery County,U.S. Senator,NA,Lorie R. Friend,REP,72,218,91,10,81,472
Montgomery County,U.S. Senator,NA,Marcellus Crews,DEM,35,156,104,8,73,376
Montgomery County,U.S. Senator,NA,"Michael W. Cobb, Sr.",DEM,56,196,146,24,78,500
Montgomery County,U.S. Senator,NA,Moe H. Barakat,REP,24,131,54,8,69,286
Montgomery County,U.S. Senator,NA,Robert K. Houton,DEM,29,108,114,12,55,318
Montgomery County,U.S. Senator,NA,Robin Ficker,REP,818,2769,465,82,398,4532
Montgomery County,U.S. Senator,NA,Scottie J. Griffin,DEM,45,138,122,14,85,404
Montgomery County,U.S. Senator,NA,Steven Henry Seuferer,DEM,22,69,49,11,52,203
Prince George's County,President - Vice Pres,NA,Dean Phillips,DEM,92,400,127,48,178,845
Prince George's County,President - Vice Pres,NA,Donald J. Trump,REP,864,2561,869,137,745,5176
Prince George's County,President - Vice Pres,NA,Joe Biden,DEM,20837,44274,18869,4150,27861,115991
Prince George's County,President - Vice Pres,NA,Marianne Williamson,DEM,144,699,153,102,306,1404
Prince George's County,President - Vice Pres,NA,Nikki R. Haley,REP,282,760,531,49,458,2080
Prince George's County,President - Vice Pres,NA,Uncommitted to any Presidential Candidate,DEM,808,3667,768,376,1304,6923
Prince George's County,U.S. Senator,NA,Andrew Jaye Wildman,DEM,49,93,23,17,28,210
Prince George's County,U.S. Senator,NA,Angela Alsobrooks,DEM,14886,36682,13794,3447,20366,89175
Prince George's County,U.S. Senator,NA,Brian E. Frydenborg,DEM,26,90,50,19,71,256
Prince George's County,U.S. Senator,NA,Chris Chaffee,REP,33,121,41,12,47,254
Prince George's County,U.S. Senator,NA,David J. Trone,DEM,6697,11262,5480,1076,8603,33118
Prince George's County,U.S. Senator,NA,John A. Myrick,REP,28,77,22,4,33,164
Prince George's County,U.S. Senator,NA,Joseph Perez,DEM,36,184,111,29,94,454
Prince George's County,U.S. Senator,NA,Laban Y. Seyoum,REP,11,24,9,4,9,57
Prince George's County,U.S. Senator,NA,Larry Hogan,REP,714,2013,1164,123,906,4920
Prince George's County,U.S. Senator,NA,Lorie R. Friend,REP,24,49,23,3,26,125
Prince George's County,U.S. Senator,NA,Marcellus Crews,DEM,50,220,76,29,111,486
Prince George's County,U.S. Senator,NA,"Michael W. Cobb, Sr.",DEM,45,234,92,13,58,442
Prince George's County,U.S. Senator,NA,Moe H. Barakat,REP,8,48,25,1,12,94
Prince George's County,U.S. Senator,NA,Robert K. Houton,DEM,11,57,40,6,36,150
Prince George's County,U.S. Senator,NA,Robin Ficker,REP,343,1032,151,47,172,1745
Prince George's County,U.S. Senator,NA,Scottie J. Griffin,DEM,20,93,58,12,76,259
Prince George's County,U.S. Senator,NA,Steven Henry Seuferer,DEM,55,122,20,19,32,248
Queen Anne's County,President - Vice Pres,NA,Dean Phillips,DEM,7,26,10,2,2,47
Queen Anne's County,President - Vice Pres,NA,Donald J. Trump,REP,1145,2808,685,105,45,4788
Queen Anne's County,President - Vice Pres,NA,Joe Biden,DEM,594,1016,1329,105,70,3114
Queen Anne's County,President - Vice Pres,NA,Marianne Williamson,DEM,10,41,18,2,3,74
Queen Anne's County,President - Vice Pres,NA,Nikki R. Haley,REP,237,493,324,40,24,1118
Queen Anne's County,President - Vice Pres,NA,Uncommitted to any Presidential Candidate,DEM,61,153,92,14,9,329
Queen Anne's County,U.S. Senator,NA,Andrew Jaye Wildman,DEM,5,5,5,1,0,16
Queen Anne's County,U.S. Senator,NA,Angela Alsobrooks,DEM,285,503,450,42,34,1314
Queen Anne's County,U.S. Senator,NA,Brian E. Frydenborg,DEM,3,10,5,1,0,19
Queen Anne's County,U.S. Senator,NA,Chris Chaffee,REP,26,137,9,7,2,181
Queen Anne's County,U.S. Senator,NA,David J. Trone,DEM,359,644,908,67,46,2024
Queen Anne's County,U.S. Senator,NA,John A. Myrick,REP,29,31,19,3,0,82
Queen Anne's County,U.S. Senator,NA,Joseph Perez,DEM,2,13,9,1,0,25
Queen Anne's County,U.S. Senator,NA,Laban Y. Seyoum,REP,0,3,3,0,0,6
Queen Anne's County,U.S. Senator,NA,Larry Hogan,REP,855,1918,819,104,63,3759
Queen Anne's County,U.S. Senator,NA,Lorie R. Friend,REP,15,37,19,1,0,72
Queen Anne's County,U.S. Senator,NA,Marcellus Crews,DEM,2,13,6,3,1,25
Queen Anne's County,U.S. Senator,NA,"Michael W. Cobb, Sr.",DEM,4,14,7,3,0,28
Queen Anne's County,U.S. Senator,NA,Moe H. Barakat,REP,4,9,4,1,1,19
Queen Anne's County,U.S. Senator,NA,Robert K. Houton,DEM,2,3,2,0,0,7
Queen Anne's County,U.S. Senator,NA,Robin Ficker,REP,456,1161,146,26,1,1790
Queen Anne's County,U.S. Senator,NA,Scottie J. Griffin,DEM,2,14,10,2,2,30
Queen Anne's County,U.S. Senator,NA,Steven Henry Seuferer,DEM,0,6,1,1,0,8
Saint Mary's County,President - Vice Pres,NA,Dean Phillips,DEM,25,77,58,2,9,171
Saint Mary's County,President - Vice Pres,NA,Donald J. Trump,REP,2323,4852,1151,137,79,8542
Saint Mary's County,President - Vice Pres,NA,Joe Biden,DEM,1078,2067,2537,188,184,6054
Saint Mary's County,President - Vice Pres,NA,Marianne Williamson,DEM,30,117,67,9,4,227
Saint Mary's County,President - Vice Pres,NA,Nikki R. Haley,REP,460,934,657,44,36,2131
Saint Mary's County,President - Vice Pres,NA,Uncommitted to any Presidential Candidate,DEM,171,450,260,23,22,926
Saint Mary's County,U.S. Senator,NA,Andrew Jaye Wildman,DEM,8,20,10,2,3,43
Saint Mary's County,U.S. Senator,NA,Angela Alsobrooks,DEM,591,1362,1153,120,115,3341
Saint Mary's County,U.S. Senator,NA,Brian E. Frydenborg,DEM,12,21,29,1,2,65
Saint Mary's County,U.S. Senator,NA,Chris Chaffee,REP,242,490,106,10,1,849
Saint Mary's County,U.S. Senator,NA,David J. Trone,DEM,589,1012,1444,73,85,3203
Saint Mary's County,U.S. Senator,NA,John A. Myrick,REP,57,82,32,6,0,177
Saint Mary's County,U.S. Senator,NA,Joseph Perez,DEM,18,36,37,3,0,94
Saint Mary's County,U.S. Senator,NA,Laban Y. Seyoum,REP,3,9,8,0,0,20
Saint Mary's County,U.S. Senator,NA,Larry Hogan,REP,1564,3379,1431,121,93,6588
Saint Mary's County,U.S. Senator,NA,Lorie R. Friend,REP,63,108,53,1,1,226
Saint Mary's County,U.S. Senator,NA,Marcellus Crews,DEM,9,38,26,4,2,79
Saint Mary's County,U.S. Senator,NA,"Michael W. Cobb, Sr.",DEM,22,42,27,2,1,94
Saint Mary's County,U.S. Senator,NA,Moe H. Barakat,REP,16,40,13,2,2,73
Saint Mary's County,U.S. Senator,NA,Robert K. Houton,DEM,9,21,10,3,2,45
Saint Mary's County,U.S. Senator,NA,Robin Ficker,REP,847,1663,195,39,21,2765
Saint Mary's County,U.S. Senator,NA,Scottie J. Griffin,DEM,15,41,30,4,3,93
Saint Mary's County,U.S. Senator,NA,Steven Henry Seuferer,DEM,10,33,23,2,4,72
Somerset County,President - Vice Pres,NA,Dean Phillips,DEM,0,6,5,3,1,15
Somerset County,President - Vice Pres,NA,Donald J. Trump,REP,275,990,82,82,98,1527
Somerset County,President - Vice Pres,NA,Joe Biden,DEM,109,332,181,112,149,883
Somerset County,President - Vice Pres,NA,Marianne Williamson,DEM,3,13,3,1,1,21
Somerset County,President - Vice Pres,NA,Nikki R. Haley,REP,44,93,25,18,18,198
Somerset County,President - Vice Pres,NA,Uncommitted to any Presidential Candidate,DEM,12,25,13,8,14,72
Somerset County,U.S. Senator,NA,Andrew Jaye Wildman,DEM,2,6,1,1,0,10
Somerset County,U.S. Senator,NA,Angela Alsobrooks,DEM,21,98,58,36,50,263
Somerset County,U.S. Senator,NA,Brian E. Frydenborg,DEM,1,2,1,0,0,4
Somerset County,U.S. Senator,NA,Chris Chaffee,REP,13,60,12,4,9,98
Somerset County,U.S. Senator,NA,David J. Trone,DEM,89,239,117,70,94,609
Somerset County,U.S. Senator,NA,John A. Myrick,REP,2,33,0,3,1,39
Somerset County,U.S. Senator,NA,Joseph Perez,DEM,1,2,5,3,1,12
Somerset County,U.S. Senator,NA,Laban Y. Seyoum,REP,0,1,0,0,1,2
Somerset County,U.S. Senator,NA,Larry Hogan,REP,143,402,64,68,49,726
Somerset County,U.S. Senator,NA,Lorie R. Friend,REP,4,22,4,4,2,36
Somerset County,U.S. Senator,NA,Marcellus Crews,DEM,1,5,1,3,5,15
Somerset County,U.S. Senator,NA,"Michael W. Cobb, Sr.",DEM,6,7,5,2,2,22
Somerset County,U.S. Senator,NA,Moe H. Barakat,REP,1,5,0,0,1,7
Somerset County,U.S. Senator,NA,Robert K. Houton,DEM,0,4,0,1,1,6
Somerset County,U.S. Senator,NA,Robin Ficker,REP,156,567,28,23,48,822
Somerset County,U.S. Senator,NA,Scottie J. Griffin,DEM,0,6,7,0,3,16
Somerset County,U.S. Senator,NA,Steven Henry Seuferer,DEM,0,3,0,0,1,4
Talbot County,President - Vice Pres,NA,Dean Phillips,DEM,4,13,17,1,1,36
Talbot County,President - Vice Pres,NA,Donald J. Trump,REP,744,1589,370,63,145,2911
Talbot County,President - Vice Pres,NA,Joe Biden,DEM,664,1094,1255,120,449,3582
Talbot County,President - Vice Pres,NA,Marianne Williamson,DEM,7,28,9,4,9,57
Talbot County,President - Vice Pres,NA,Nikki R. Haley,REP,170,359,254,41,111,935
Talbot County,President - Vice Pres,NA,Uncommitted to any Presidential Candidate,DEM,31,104,56,5,30,226
Talbot County,U.S. Senator,NA,Andrew Jaye Wildman,DEM,2,7,2,0,0,11
Talbot County,U.S. Senator,NA,Angela Alsobrooks,DEM,313,612,443,55,218,1641
Talbot County,U.S. Senator,NA,Brian E. Frydenborg,DEM,0,2,9,1,3,15
Talbot County,U.S. Senator,NA,Chris Chaffee,REP,19,48,14,6,6,93
Talbot County,U.S. Senator,NA,David J. Trone,DEM,369,565,811,69,248,2062
Talbot County,U.S. Senator,NA,John A. Myrick,REP,10,21,10,0,3,44
Talbot County,U.S. Senator,NA,Joseph Perez,DEM,2,3,6,1,3,15
Talbot County,U.S. Senator,NA,Laban Y. Seyoum,REP,0,3,0,2,0,5
Talbot County,U.S. Senator,NA,Larry Hogan,REP,561,1095,504,83,204,2447
Talbot County,U.S. Senator,NA,Lorie R. Friend,REP,7,28,12,2,9,58
Talbot County,U.S. Senator,NA,Marcellus Crews,DEM,1,2,11,0,1,15
Talbot County,U.S. Senator,NA,"Michael W. Cobb, Sr.",DEM,5,11,8,2,4,30
Talbot County,U.S. Senator,NA,Moe H. Barakat,REP,2,9,3,1,1,16
Talbot County,U.S. Senator,NA,Robert K. Houton,DEM,1,6,5,1,2,15
Talbot County,U.S. Senator,NA,Robin Ficker,REP,327,763,91,13,34,1228
Talbot County,U.S. Senator,NA,Scottie J. Griffin,DEM,2,14,7,0,2,25
Talbot County,U.S. Senator,NA,Steven Henry Seuferer,DEM,2,0,1,0,0,3
Washington County,President - Vice Pres,NA,Dean Phillips,DEM,19,71,53,5,2,150
Washington County,President - Vice Pres,NA,Donald J. Trump,REP,2152,7295,2046,240,5,11738
Washington County,President - Vice Pres,NA,Joe Biden,DEM,1011,2351,3742,241,12,7357
Washington County,President - Vice Pres,NA,Marianne Williamson,DEM,31,132,100,6,0,269
Washington County,President - Vice Pres,NA,Nikki R. Haley,REP,268,908,718,49,3,1946
Washington County,President - Vice Pres,NA,Uncommitted to any Presidential Candidate,DEM,138,480,407,56,0,1081
Washington County,U.S. Senator,NA,Andrew Jaye Wildman,DEM,3,18,13,0,0,34
Washington County,U.S. Senator,NA,Angela Alsobrooks,DEM,194,674,563,74,5,1510
Washington County,U.S. Senator,NA,Brian E. Frydenborg,DEM,8,32,30,3,0,73
Washington County,U.S. Senator,NA,Chris Chaffee,REP,68,267,87,11,0,433
Washington County,U.S. Senator,NA,David J. Trone,DEM,927,2132,3534,210,9,6812
Washington County,U.S. Senator,NA,John A. Myrick,REP,51,134,40,6,0,231
Washington County,U.S. Senator,NA,Joseph Perez,DEM,12,46,21,5,0,84
Washington County,U.S. Senator,NA,Laban Y. Seyoum,REP,10,13,9,0,0,32
Washington County,U.S. Senator,NA,Larry Hogan,REP,1323,3970,1976,178,5,7452
Washington County,U.S. Senator,NA,Lorie R. Friend,REP,46,216,74,11,0,347
Washington County,U.S. Senator,NA,Marcellus Crews,DEM,5,17,11,2,0,35
Washington County,U.S. Senator,NA,"Michael W. Cobb, Sr.",DEM,9,27,14,5,0,55
Washington County,U.S. Senator,NA,Moe H. Barakat,REP,19,56,28,1,0,104
Washington County,U.S. Senator,NA,Robert K. Houton,DEM,7,12,10,0,0,29
Washington County,U.S. Senator,NA,Robin Ficker,REP,897,3447,557,77,2,4980
Washington County,U.S. Senator,NA,Scottie J. Griffin,DEM,14,36,21,1,0,72
Washington County,U.S. Senator,NA,Steven Henry Seuferer,DEM,3,12,5,1,0,21
Wicomico County,President - Vice Pres,NA,Dean Phillips,DEM,12,43,16,7,2,80
Wicomico County,President - Vice Pres,NA,Donald J. Trump,REP,961,3407,669,328,130,5495
Wicomico County,President - Vice Pres,NA,Joe Biden,DEM,820,1437,1648,659,263,4827
Wicomico County,President - Vice Pres,NA,Marianne Williamson,DEM,11,65,27,20,5,128
Wicomico County,President - Vice Pres,NA,Nikki R. Haley,REP,162,443,235,101,56,997
Wicomico County,President - Vice Pres,NA,Uncommitted to any Presidential Candidate,DEM,59,217,96,62,25,459
Wicomico County,U.S. Senator,NA,Andrew Jaye Wildman,DEM,2,11,7,4,2,26
Wicomico County,U.S. Senator,NA,Angela Alsobrooks,DEM,242,549,450,227,74,1542
Wicomico County,U.S. Senator,NA,Brian E. Frydenborg,DEM,4,13,7,6,1,31
Wicomico County,U.S. Senator,NA,Chris Chaffee,REP,28,117,34,22,10,211
Wicomico County,U.S. Senator,NA,David J. Trone,DEM,566,1033,1102,413,178,3292
Wicomico County,U.S. Senator,NA,John A. Myrick,REP,21,56,15,9,3,104
Wicomico County,U.S. Senator,NA,Joseph Perez,DEM,15,17,25,12,4,73
Wicomico County,U.S. Senator,NA,Laban Y. Seyoum,REP,2,5,2,4,0,13
Wicomico County,U.S. Senator,NA,Larry Hogan,REP,547,1534,597,296,135,3109
Wicomico County,U.S. Senator,NA,Lorie R. Friend,REP,32,72,22,9,7,142
Wicomico County,U.S. Senator,NA,Marcellus Crews,DEM,15,26,25,12,7,85
Wicomico County,U.S. Senator,NA,"Michael W. Cobb, Sr.",DEM,17,37,47,12,8,121
Wicomico County,U.S. Senator,NA,Moe H. Barakat,REP,5,13,3,5,1,27
Wicomico County,U.S. Senator,NA,Robert K. Houton,DEM,6,15,15,5,3,44
Wicomico County,U.S. Senator,NA,Robin Ficker,REP,501,2072,258,88,34,2953
Wicomico County,U.S. Senator,NA,Scottie J. Griffin,DEM,11,26,25,16,1,79
Wicomico County,U.S. Senator,NA,Steven Henry Seuferer,DEM,5,11,1,12,2,31
Worcester County,President - Vice Pres,NA,Dean Phillips,DEM,8,15,18,4,1,46
Worcester County,President - Vice Pres,NA,Donald J. Trump,REP,737,3332,936,107,71,5183
Worcester County,President - Vice Pres,NA,Joe Biden,DEM,321,1207,1584,121,169,3402
Worcester County,President - Vice Pres,NA,Marianne Williamson,DEM,7,45,25,4,4,85
Worcester County,President - Vice Pres,NA,Nikki R. Haley,REP,114,443,324,30,17,928
Worcester County,President - Vice Pres,NA,Uncommitted to any Presidential Candidate,DEM,38,185,145,15,15,398
Worcester County,U.S. Senator,NA,Andrew Jaye Wildman,DEM,3,7,11,1,0,22
Worcester County,U.S. Senator,NA,Angela Alsobrooks,DEM,91,402,386,30,52,961
Worcester County,U.S. Senator,NA,Brian E. Frydenborg,DEM,1,5,21,0,2,29
Worcester County,U.S. Senator,NA,Chris Chaffee,REP,30,145,41,7,0,223
Worcester County,U.S. Senator,NA,David J. Trone,DEM,251,904,1110,91,110,2466
Worcester County,U.S. Senator,NA,John A. Myrick,REP,7,28,23,1,0,59
Worcester County,U.S. Senator,NA,Joseph Perez,DEM,5,23,14,3,1,46
Worcester County,U.S. Senator,NA,Laban Y. Seyoum,REP,4,5,1,0,0,10
Worcester County,U.S. Senator,NA,Larry Hogan,REP,430,1655,921,98,61,3165
Worcester County,U.S. Senator,NA,Lorie R. Friend,REP,15,37,41,2,2,97
Worcester County,U.S. Senator,NA,Marcellus Crews,DEM,2,17,19,2,2,42
Worcester County,U.S. Senator,NA,"Michael W. Cobb, Sr.",DEM,9,20,34,4,2,69
Worcester County,U.S. Senator,NA,Moe H. Barakat,REP,0,10,6,0,0,16
Worcester County,U.S. Senator,NA,Robert K. Houton,DEM,3,9,7,1,3,23
Worcester County,U.S. Senator,NA,Robin Ficker,REP,366,1924,240,31,29,2590
Worcester County,U.S. Senator,NA,Scottie J. Griffin,DEM,3,21,26,3,3,56
Worcester County,U.S. Senator,NA,Steven Henry Seuferer,DEM,2,11,8,1,0,22
